{"cameraMode":{"drawMode":0,"name":"Shaded","section":"Shading Mode"},"sceneLighting":true,"audioPlay":false,"sceneViewState":{"showFog":true,"showMaterialUpdate":false,"showSkybox":true,"showFlares":true,"showImageEffects":true,"showParticleSystems":true},"in2DMode":false,"pivot":{"x":-1.4627265930175782,"y":843.8167724609375,"z":15.827640533447266},"rotation":{"x":0.25383296608924868,"y":-0.36849862337112429,"z":0.10533344745635987,"w":0.8880971074104309},"size":22.0,"orthographic":false}